Model_A,Model_B,IC_ttest_stat,IC_ttest_pval,DM_stat,DM_pval,Better_Model
OLS_FamaMacBeth,Ridge,-0.9358847416986188,0.3508674663361089,2.1579904228931572,0.030928576413592923,Ridge
OLS_FamaMacBeth,Lasso,2.4063614116986667,0.01735402834619715,2.0436028412204736,0.040992798375325545,OLS_FamaMacBeth
OLS_FamaMacBeth,NN_64_32,0.49374652256997476,0.6222221204975081,1.6998936540160494,0.0891509308087004,OLS_FamaMacBeth
Ridge,Lasso,3.6485403361662128,0.00036560989106649135,-2.2647010272386003,0.023531032408510955,Ridge
Ridge,NN_64_32,0.9386050255064713,0.3494732139896919,-2.8783693624509117,0.003997368042102156,Ridge
Lasso,NN_64_32,-1.0411882209725896,0.29949759690534533,-2.125745567390394,0.0335244505463177,NN_64_32
