Model,Ann_Return,Ann_Volatility,Sharpe_Ratio,Max_Drawdown,Win_Rate,Monthly_Mean,Monthly_Std,Months
OLS_FamaMacBeth,0.2872804913060918,0.14150466359958158,2.0301839105389123,-0.11519552731673827,0.7702702702702703,0.023940040942174313,0.04084887781040294,148
Ridge,0.30897515713250123,0.14856885386272073,2.079676521015621,-0.10731602879847553,0.7567567567567568,0.02574792976104177,0.042888133885418,148
Lasso,0.28917016640079163,0.15285008941115769,1.8918547415627676,-0.18367918540092779,0.722972972972973,0.024097513866732635,0.04412402013359513,148
NN_64_32,0.28028219958691086,0.12326391730669194,2.2738381653857638,-0.0575582817050624,0.777027027027027,0.023356849965575906,0.03558322791919318,148
Equal_Weight,0.14442943527196755,0.09971619360614467,1.4484050187718716,-0.1460762769441126,0.7432432432432432,0.012035786272663964,0.028785585610536235,148
