Model,Mean_IC,IC_Std,IC_Hit_Rate,Time_sec
OLS (Fama-MacBeth),0.0602,0.1107,0.7095,0.24
Ridge,0.06232730032823605,0.11864989279082477,0.7297297297297297,3.8306009769439697
Lasso,0.05116695875056606,0.12921301076380867,0.6418918918918919,3.454970121383667
