Batch_Size,Mean_IC,IC_Std,IC_Hit_Rate,Time_sec
64,0.04409378218777065,0.10286256151038585,0.6216216216216216,921.5171139240265
256,0.05873306228100886,0.12252595440129671,0.7027027027027027,257.93407917022705
1024,0.0449818835652138,0.11408283129575991,0.6351351351351351,92.40054082870483
